uniq_subreddit,total_authors_in_posts,last_year_commented,number_of_months
nba,57825,2019,29
nfl,31212,2019,43
hockey,25086,2019,39
CFB,23426,2019,36
fantasyfootball,15858,2018,12
FFBraveExvius,15735,2019,30
soccer,15093,2019,45
IAmA,14983,2019,45
Cricket,12021,2019,41
BigBrother,11992,2019,28
Random_Acts_Of_Amazon,11403,2019,37
hiphopheads,10260,2019,29
CollegeBasketball,7814,2019,17
Competitiveoverwatch,7370,2019,13
ethtrader,7267,2018,14
MMA,7082,2019,42
financialindependence,6853,2019,34
PoliticalDiscussion,6779,2019,41
FantasyPL,6100,2019,18
movies,6038,2019,5
Games,5898,2019,45
PurplePillDebate,5597,2019,43
AskTrumpSupporters,5330,2019,30
NASCAR,5091,2019,16
Dodgers,5052,2019,26
wallstreetbets,5001,2019,11
NYYankees,4740,2019,26
DebateReligion,4736,2019,37
femalefashionadvice,4664,2019,34
AFL,4612,2019,26
redsox,4523,2019,26
CHICubs,4242,2019,26
reddevils,4220,2019,20
SubredditDrama,4136,2019,45
tifu,3888,2018,9
weedstocks,3804,2019,21
RandomActsOfGaming,3619,2019,34
rupaulsdragrace,3546,2019,8
BitcoinMarkets,3353,2019,28
Android,3304,2019,12
MLS,3224,2019,38
MaliciousCompliance,3167,2019,21
Torontobluejays,2686,2019,15
NewYorkMets,2682,2019,17
fantasybaseball,2639,2019,18
Gunners,2604,2019,12
Braves,2604,2019,14
Astros,2595,2019,24
Granblue_en,2592,2019,32
CampHalfBloodRP,2553,2018,31
LiverpoolFC,2552,2019,13
baseball,2506,2018,6
cowboys,2459,2019,13
NintendoSwitch,2452,2019,3
nrl,2407,2019,33
singapore,2322,2019,7
eagles,2295,2019,12
CapitalismVSocialism,2276,2019,15
churning,2243,2019,36
Gamingcirclejerk,2238,2019,16
thewalkingdead,2044,2018,8
bostonceltics,2039,2018,8
BostonBruins,1996,2019,13
leafs,1977,2019,17
DebateAnAtheist,1961,2019,45
politics,1890,2019,45
Nationals,1885,2019,17
BravoRealHousewives,1881,2019,12
blogsnark,1853,2019,41
CompetitiveHS,1851,2019,28
formula1,1840,2019,3
bodybuilding,1830,2019,45
Barca,1807,2019,30
muacjdiscussion,1777,2019,14
SSBM,1721,2019,22
stlouisblues,1681,2019,17
Flyers,1649,2019,15
thebachelor,1644,2019,2
90DayFiance,1629,2019,6
3dshacks,1570,2019,37
lakers,1562,2019,5
bravefrontier,1558,2016,6
Boxing,1544,2019,13
CFBOffTopic,1534,2017,17
SFGiants,1532,2019,15
indieheads,1477,2019,31
Seahawks,1454,2019,13
Brewers,1417,2019,18
ProRevenge,1399,2019,38
pcgaming,1343,2019,3
Cardinals,1339,2019,30
slatestarcodex,1337,2019,28
Browns,1320,2018,7
MkeBucks,1295,2019,9
The_Donald,1287,2018,2
tennis,1284,2019,3
Wishlist,1283,2019,19
counting,1269,2019,45
Mariners,1261,2019,21
Toonami,1252,2019,44
