uniq_subreddit,total_titles,last_year_commented,number_of_months
nba,109153,2019,29
nfl,48471,2019,43
CFB,47062,2019,36
hockey,44245,2019,39
soccer,42001,2019,45
fantasyfootball,31646,2018,12
Random_Acts_Of_Amazon,25843,2019,37
FFBraveExvius,25073,2019,30
Cricket,21137,2019,41
CollegeBasketball,20477,2019,17
BigBrother,20435,2019,28
IAmA,15804,2019,45
hiphopheads,14418,2019,29
PurplePillDebate,12258,2019,43
MMA,11899,2019,42
Competitiveoverwatch,10752,2019,13
FantasyPL,10465,2019,18
ethtrader,9942,2018,14
AskTrumpSupporters,9007,2019,30
PoliticalDiscussion,8905,2019,41
financialindependence,8755,2019,34
Games,8147,2019,45
NYYankees,8069,2019,26
femalefashionadvice,7903,2019,34
redsox,7901,2019,26
NASCAR,7839,2019,16
wallstreetbets,7575,2019,11
DebateReligion,7556,2019,37
Dodgers,7477,2019,26
AFL,7449,2019,26
movies,7314,2019,5
nrl,7304,2019,33
CHICubs,7159,2019,26
weedstocks,6576,2019,21
MLS,6392,2019,38
reddevils,6095,2019,20
indieheads,5715,2019,31
churning,5668,2019,36
BitcoinMarkets,5599,2019,28
SubredditDrama,5585,2019,45
fantasybaseball,5422,2019,18
rupaulsdragrace,4964,2019,8
NewYorkMets,4888,2019,17
Torontobluejays,4820,2019,15
RandomActsOfGaming,4460,2019,34
CampHalfBloodRP,4407,2018,31
Astros,4343,2019,24
Granblue_en,4157,2019,32
CapitalismVSocialism,4075,2019,15
Braves,4042,2019,14
tifu,4014,2018,9
baseball,3960,2018,6
CompetitiveHS,3902,2019,28
CFBOffTopic,3762,2017,17
Android,3744,2019,12
bodybuilding,3704,2019,45
LiverpoolFC,3658,2019,13
counting,3625,2019,45
Gunners,3543,2019,12
MaliciousCompliance,3364,2019,21
BravoRealHousewives,3341,2019,12
blogsnark,3310,2019,41
steroids,3304,2019,38
Mariners,3297,2019,21
politics,3200,2019,45
leafs,3196,2019,17
cowboys,3181,2019,13
bostonceltics,3117,2018,8
Nationals,3106,2019,17
singapore,3050,2019,7
Cardinals,2996,2019,30
eagles,2888,2019,12
NintendoSwitch,2855,2019,3
SSBM,2809,2019,22
ReallyBigShow,2808,2019,33
Barca,2754,2019,30
Gamingcirclejerk,2729,2019,16
SecretSubreddit,2725,2018,14
BostonBruins,2695,2019,13
bravefrontier,2679,2016,6
SFGiants,2632,2019,15
muacjdiscussion,2565,2019,14
stlouisblues,2535,2019,17
Wishlist,2522,2019,19
lakers,2519,2019,5
thewalkingdead,2516,2018,8
thebachelor,2509,2019,2
ColoradoRockies,2498,2019,18
DebateAnAtheist,2491,2019,45
Flyers,2482,2019,15
Toonami,2457,2019,44
Brewers,2390,2019,18
WatchURaffle,2367,2019,13
formula1,2315,2019,3
Boxing,2269,2019,13
WahoosTipi,2228,2018,15
Seahawks,2199,2019,13
90DayFiance,2133,2019,6
azdiamondbacks,2089,2019,16
grandorder,1988,2019,4
